Workbook
Name alcoben: #REF!

Sheet hechos
A1: provincia | B1: localidad | C1: Nombre | D1: Direccion | E1: Telefono | F1: Mail | G1: Category | H1: Website | J1: precio | K1: cpm | L1: miles | M1: registros | N1: url
A2: A Coruña | B2: A Aldea De Arriba (Santa Marta De Babio - Bergondo) | C2: 497 | D2: 488 | E2: 425 | F2: 185 | G2: 468 | H2: 335 | J2: =+K2*L2 -> 2.982 | K2: 6 | L2: =+M2/1000 -> 0.497 | M2: =+C2 -> 497 | N2: https://gsas.es/producto/base-de-datos-de-empresas-de-la-localidad-de-a-aldea-de-arriba-en-la-provincia-de-a-coruna/
A3: A Coruña | B3: A Barcala Cambre) | C3: 315 | D3: 313 | E3: 264 | F3: 78 | G3: 293 | H3: 157 | J3: =+K3*L3 -> 1.89 | K3: 6 | L3: =+M3/1000 -> 0.315 | M3: =+C3 -> 315 | N3: https://gsas.es/producto/base-de-datos-de-empresas-de-la-localidad-de-a-barcala-en-la-provincia-de-a-coruna/
A4: A Coruña | B4: A Brea, (Carballo) | C4: 746 | D4: 739 | E4: 595 | F4: 116 | G4: 732 | H4: 309 | J4: =+K4*L4 -> 4.476 | K4: 6 | L4: =+M4/1000 -> 0.746 | M4: =+C4 -> 746 | N4: https://gsas.es/producto/base-de-datos-de-empresas-de-la-localidad-de-a-brea-en-la-provincia-de-a-coruna/
A5: A Coruña | B5: A Coruña - La Coruña | C5: 12763 | D5: 12639 | E5: 10696 | F5: 3709 | G5: 12401 | H5: 8066 | J5: =+K5*L5 -> 63.815 | K5: 5 | L5: =+M5/1000 -> 12.763 | M5: =+C5 -> 12763 | N5: https://gsas.es/producto/base-de-datos-de-empresas-de-la-localidad-de-la-coruna-en-la-provincia-de-a-coruna/
A6: A Coruña | B6: Abegondo | C6: 360 | D6: 329 | E6: 209 | F6: 60 | G6: 331 | H6: 139 | J6: =+K6*L6 -> 2.16 | K6: 6 | L6: =+M6/1000 -> 0.36 | M6: =+C6 -> 360 | N6: https://gsas.es/producto/base-de-datos-de-empresas-de-la-localidad-de-abegondo-en-la-provincia-de-a-coruna/
A7: A Coruña | B7: Acea Da Ma (Fonteculler) | C7: 638 | D7: 625 | E7: 526 | F7: 145 | G7: 620 | H7: 366 | J7: =+K7*L7 -> 3.828 | K7: 6 | L7: =+M7/1000 -> 0.638 | M7: =+C7 -> 638 | N7: https://gsas.es/producto/base-de-datos-de-empresas-de-la-localidad-de-acea-da-ma-en-la-provincia-de-a-coruna/
A8: A Coruña | B8: Acea De Ama (O Burgo) | C8: 608 | D8: 603 | E8: 503 | F8: 158 | G8: 588 | H8: 335 | J8: =+K8*L8 -> 3.648 | K8: 6 | L8: =+M8/1000 -> 0.608 | M8: =+C8 -> 608 | N8: https://gsas.es/producto/base-de-datos-de-empresas-de-la-localidad-de-acea-de-ama-en-la-provincia-de-a-coruna/
A9: A Coruña | B9: Aeropuerto De Alvedro | C9: 373 | D9: 368 | E9: 325 | F9: 129 | G9: 361 | H9: 276 | J9: =+K9*L9 -> 2.238 | K9: 6 | L9: =+M9/1000 -> 0.373 | M9: =+C9 -> 373 | N9: https://gsas.es/producto/base-de-datos-de-empresas-de-la-localidad-de-aeropuerto-de-alvedro-en-la-provincia-de-a-coruna/
A10: A Coruña | B10: Agoso (Santa Baia De Oza - Teo) | C10: 461 | D10: 432 | E10: 345 | F10: 134 | G10: 430 | H10: 270 | J10: =+K10*L10 -> 2.766 | K10: 6 | L10: =+M10/1000 -> 0.461 | M10: =+C10 -> 461 | N10: https://gsas.es/producto/base-de-datos-de-empresas-de-la-localidad-de-agoso-en-la-provincia-de-a-coruna/
A11: A Coruña | B11: Agras (Nosa Señora Dos Desamparados De Xubia - Naron) | C11: 368 | D11: 363 | E11: 290 | F11: 66 | G11: 353 | H11: 163 | J11: =+K11*L11 -> 2.208 | K11: 6 | L11: =+M11/1000 -> 0.368 | M11: =+C11 -> 368 | N11: https://gsas.es/producto/base-de-datos-de-empresas-de-la-localidad-de-agras-en-la-provincia-de-a-coruna/
A12: A Coruña | B12: Aldea Nova | C12: 757 | D12: 744 | E12: 649 | F12: 235 | G12: 741 | H12: 470 | J12: =+K12*L12 -> 4.542 | K12: 6 | L12: =+M12/1000 -> 0.757 | M12: =+C12 -> 757 | N12: https://gsas.es/producto/base-de-datos-de-empresas-de-la-localidad-de-aldea-nova-en-la-provincia-de-a-coruna/
A13: A Coruña | B13: Alto Del Castaño (San Xose Obreiro De Xubia - Naron) | C13: 1583 | D13: 1567 | E13: 1315 | F13: 455 | G13: 1539 | H13: 944 | J13: =+K13*L13 -> 9.498 | K13: 6 | L13: =+M13/1000 -> 1.583 | M13: =+C13 -> 1583 | N13: https://gsas.es/producto/base-de-datos-de-empresas-de-la-localidad-de-alto-del-castano-en-la-provincia-de-a-coruna/
... A62: Alava | B62: Oion | C62: 329 | D62: 322 | E62: 253 | F62: 100 | G62: 305 | H62: 188 | J62: =+K62*L62 -> 1.974 | K62: 6 | L62: =+M62/1000 -> 0.329 | M62: =+C62 -> 329 | N62: https://gsas.es/producto/base-de-datos-de-empresas-de-la-localidad-de-oion-en-la-provincia-de-alava/
A63: Alava | B63: Vitoria - Gasteiz | C63: 14738 | D63: 14473 | E63: 12528 | F63: 4567 | G63: 14528 | H63: 9391 | J63: =+K63*L63 -> 73.69 | K63: 5 | L63: =+M63/1000 -> 14.738 | M63: =+C63 -> 14738 | N63: https://gsas.es/producto/base-de-datos-de-empresas-de-la-localidad-de-vitoria-gastegiz-en-la-provincia-de-alava-araba/ | O63: wordpress pone que no existe
A64: Albacete | B64: Albacete | C64: 10266 | D64: 9928 | E64: 8660 | F64: 2993 | G64: 9949 | H64: 6282 | J64: =+K64*L64 -> 51.33 | K64: 5 | L64: =+M64/1000 -> 10.266 | M64: =+C64 -> 10266 | N64: https://gsas.es/producto/base-de-datos-de-empresas-de-la-localidad-de-albacete-en-la-provincia-de-albacete/
A65: Albacete | B65: Almansa | C65: 1517 | D65: 1485 | E65: 1254 | F65: 431 | G65: 1443 | H65: 889 | J65: =+K65*L65 -> 9.102 | K65: 6 | L65: =+M65/1000 -> 1.517 | M65: =+C65 -> 1517 | N65: https://gsas.es/producto/base-de-datos-de-empresas-de-la-localidad-de-almansa-en-la-provincia-de-albacete/
A66: Albacete | B66: Casas - Ibañez | C66: 387 | D66: 374 | E66: 321 | F66: 102 | G66: 376 | H66: 211 | J66: =+K66*L66 -> 2.322 | K66: 6 | L66: =+M66/1000 -> 0.387 | M66: =+C66 -> 387 | N66: https://gsas.es/producto/base-de-datos-de-empresas-de-la-localidad-de-casas-ibanez-en-la-provincia-de-albacete/
A67: Albacete | B67: Caudete | C67: 609 | D67: 593 | E67: 457 | F67: 122 | G67: 597 | H67: 290 | J67: =+K67*L67 -> 3.654 | K67: 6 | L67: =+M67/1000 -> 0.609 | M67: =+C67 -> 609 | N67: https://gsas.es/producto/base-de-datos-de-empresas-de-la-localidad-de-caudete-en-la-provincia-de-albacete/
A68: Albacete | B68: Chinchilla De Monte Aragon | C68: 357 | D68: 353 | E68: 237 | F68: 83 | G68: 343 | H68: 190 | J68: =+K68*L68 -> 2.142 | K68: 6 | L68: =+M68/1000 -> 0.357 | M68: =+C68 -> 357 | N68: https://gsas.es/producto/base-de-datos-de-empresas-de-la-localidad-de-chinchilla-de-monte-aragon-en-la-provincia-de-albacete/
A69: Albacete | B69: Hellin | C69: 1460 | D69: 1411 | E69: 1188 | F69: 337 | G69: 1404 | H69: 813 | J69: =+K69*L69 -> 8.76 | K69: 6 | L69: =+M69/1000 -> 1.46 | M69: =+C69 -> 1460 | N69: https://gsas.es/producto/base-de-datos-de-empresas-de-la-localidad-de-hellin-en-la-provincia-de-albacete/
A70: Albacete | B70: La Roda | C70: 1027 | D70: 997 | E70: 759 | F70: 216 | G70: 1007 | H70: 530 | J70: =+K70*L70 -> 6.162 | K70: 6 | L70: =+M70/1000 -> 1.027 | M70: =+C70 -> 1027 | N70: https://gsas.es/producto/base-de-datos-de-empresas-de-la-localidad-de-la-roda-en-la-provincia-de-albacete/
A71: Albacete | B71: Tobarra | C71: 388 | D71: 378 | E71: 290 | F71: 67 | G71: 374 | H71: 151 | J71: =+K71*L71 -> 2.328 | K71: 6 | L71: =+M71/1000 -> 0.388 | M71: =+C71 -> 388 | N71: https://gsas.es/producto/base-de-datos-de-empresas-de-la-localidad-de-tobarra-en-la-provincia-de-albacete/
A72: Albacete | B72: Villarrobledo | C72: 1562 | D72: 1488 | E72: 1264 | F72: 405 | G72: 1511 | H72: 886 | J72: =+K72*L72 -> 9.372 | K72: 6 | L72: =+M72/1000 -> 1.562 | M72: =+C72 -> 1562 | N72: https://gsas.es/producto/base-de-datos-de-empresas-de-la-localidad-de-villarrobledo-en-la-provincia-de-albacete/
A73: Alicante - Alicante | B73: Abio | C73: 524 | D73: 516 | E73: 398 | F73: 116 | G73: 514 | H73: 279 | J73: =+K73*L73 -> 3.144 | K73: 6 | L73: =+M73/1000 -> 0.524 | M73: =+C73 -> 524 | N73: https://gsas.es/producto/base-de-datos-de-empresas-de-la-localidad-de-abio-en-la-provincia-de-alicante/
A74: Alicante - Alicante | B74: Agost | C74: 346 | D74: 337 | E74: 259 | F74: 85 | G74: 337 | H74: 187 | J74: =+K74*L74 -> 2.076 | K74: 6 | L74: =+M74/1000 -> 0.346 | M74: =+C74 -> 346 | N74: https://gsas.es/producto/base-de-datos-de-empresas-de-la-localidad-de-agost-en-la-provincia-de-alicante/
A75: Alicante - Alicante | B75: Aixihuili | C75: 2116 | D75: 2048 | E75: 1659 | F75: 481 | G75: 2088 | H75: 1181 | J75: =+K75*L75 -> 12.696 | K75: 6 | L75: =+M75/1000 -> 2.116 | M75: =+C75 -> 2116 | N75: https://gsas.es/producto/base-de-datos-de-empresas-de-la-localidad-de-partida-aixihuili-en-la-provincia-de-alicante/
... A80: Alicante - Alicante | B80: Alicante - Alacant | C80: 18270 | D80: 18074 | E80: 15651 | F80: 5549 | G80: 17932 | H80: 11713 | J80: =+K80*L80 -> 73.08 | K80: 4 | L80: =+M80/1000 -> 18.27 | M80: =+C80 -> 18270 | N80: https://gsas.es/producto/base-de-datos-de-empresas-de-la-localidad-de-alicante-alacant-en-la-provincia-de-alicante-alacant/
A81: Alicante - Alicante | B81: Almafra | C81: 2037 | D81: 2013 | E81: 1599 | F81: 468 | G81: 1997 | H81: 1142 | J81: 3.888 | K81: 6 | L81: 0.648 | M81: 648 | N81: https://gsas.es/producto/base-de-datos-de-empresas-de-la-localidad-de-almafra-en-la-provincia-de-alicante/
A82: Alicante - Alicante | B82: Almajal | C82: 1065 | D82: 1020 | E82: 840 | F82: 194 | G82: 1037 | H82: 562 | J82: =+K82*L82 -> 6.39 | K82: 6 | L82: =+M82/1000 -> 1.065 | M82: =+C82 -> 1065 | N82: https://gsas.es/producto/base-de-datos-de-empresas-de-la-localidad-de-almajal-en-la-provincia-de-alicante/
A83: Alicante - Alicante | B83: Almedia | C83: 478 | D83: 468 | E83: 381 | F83: 110 | G83: 467 | H83: 249 | J83: =+K83*L83 -> 2.868 | K83: 6 | L83: =+M83/1000 -> 0.478 | M83: =+C83 -> 478 | N83: https://gsas.es/producto/base-de-datos-de-empresas-de-la-localidad-de-almedia-en-la-provincia-de-alicante/
A84: Alicante - Alicante | B84: Almoradi | C84: 1237 | D84: 1232 | E84: 1078 | F84: 328 | G84: 1191 | H84: 735 | J84: =+K84*L84 -> 7.422 | K84: 6 | L84: =+M84/1000 -> 1.237 | M84: =+C84 -> 1237 | N84: https://gsas.es/producto/base-de-datos-de-empresas-de-la-localidad-de-almoradi-en-la-provincia-de-alicante/
A85: Alicante - Alicante | B85: Alquebla | C85: 513 | D85: 508 | E85: 423 | F85: 96 | G85: 493 | H85: 260 | J85: 3.078 | K85: 6 | L85: 0.513 | M85: 513 | N85: https://gsas.es/producto/base-de-datos-de-empresas-de-la-localidad-de-alquebla-en-la-provincia-de-alicante/
A86: Alicante - Alicante | B86: Altea | C86: 2745 | D86: 2621 | E86: 2311 | F86: 742 | G86: 2705 | H86: 1691 | J86: =+K86*L86 -> 16.47 | K86: 6 | L86: =+M86/1000 -> 2.745 | M86: =+C86 -> 2745 | N86: https://gsas.es/producto/base-de-datos-de-empresas-de-la-localidad-de-altea-en-la-provincia-de-alicante-alacant/
A87: Alicante - Alicante | B87: Altomira | C87: 4462 | D87: 4429 | E87: 3865 | F87: 1371 | G87: 4390 | H87: 2959 | J87: =+K87*L87 -> 26.772 | K87: 6 | L87: =+M87/1000 -> 4.462 | M87: =+C87 -> 4462 | N87: https://gsas.es/producto/base-de-datos-de-empresas-de-la-localidad-de-altomira-en-la-provincia-de-alicante-alacant/
A88: Alicante - Alicante | B88: Aspe | C88: 1322 | D88: 1295 | E88: 1079 | F88: 307 | G88: 1282 | H88: 717 | J88: =+K88*L88 -> 7.932 | K88: 6 | L88: =+M88/1000 -> 1.322 | M88: =+C88 -> 1322 | N88: https://gsas.es/producto/base-de-datos-de-empresas-de-la-localidad-de-aspe-en-la-provincia-de-alicante/
A89: Alicante - Alicante | B89: Bacarot | C89: 343 | D89: 338 | E89: 302 | F89: 149 | G89: 335 | H89: 249 | J89: =+K89*L89 -> 2.058 | K89: 6 | L89: =+M89/1000 -> 0.343 | M89: =+C89 -> 343 | N89: https://gsas.es/producto/base-de-datos-de-empresas-de-la-localidad-de-bacarot-en-la-provincia-de-alicante/
A90: Alicante - Alicante | B90: Baladrar | C90: 1340 | D90: 1317 | E90: 1055 | F90: 401 | G90: 1316 | H90: 863 | J90: 3.558 | K90: 6 | L90: 0.593 | M90: 593 | N90: https://gsas.es/producto/base-de-datos-de-empresas-de-la-localidad-de-baladrar-en-la-provincia-de-alicante/
A91: Alicante - Alicante | B91: Banyeres De Mariola | C91: 593 | D91: 582 | E91: 484 | F91: 184 | G91: 583 | H91: 345 | J91: =+K91*L91 -> 3.558 | K91: 6 | L91: =+M91/1000 -> 0.593 | M91: =+C91 -> 593 | N91: https://gsas.es/producto/base-de-datos-de-empresas-de-la-localidad-de-banyeres-de-mariola-en-la-provincia-de-alicante/
A92: Alicante - Alicante | B92: Barranco Parra | C92: 719 | D92: 706 | E92: 585 | F92: 216 | G92: 701 | H92: 431 | J92: 3.306 | K92: 6 | L92: 0.551 | M92: 551 | N92: https://gsas.es/producto/base-de-datos-de-empresas-de-la-localidad-de-barranco-parra-en-la-provincia-de-alicante/
A93: Alicante - Alicante | B93: Benejuzar | C93: 319 | D93: 311 | E93: 243 | F93: 55 | G93: 305 | H93: 139 | J93: 2.082 | K93: 6 | L93: 0.347 | M93: 347 | N93: https://gsas.es/producto/base-de-datos-de-empresas-de-la-localidad-de-benejuzar-en-la-provincia-de-alicante/
A94: Alicante - Alicante | B94: Benidorm | C94: 2111 | D94: 2046 | E94: 1802 | F94: 532 | G94: 2089 | H94: 1235 | J94: =+K94*L94 -> 12.666 | K94: 6 | L94: =+M94/1000 -> 2.111 | M94: =+C94 -> 2111 | N94: https://gsas.es/producto/base-de-datos-de-empresas-de-la-localidad-de-benidorm-en-la-provincia-de-alicante-alacant/
A95: Alicante - Alicante | B95: Benijofar | C95: 356 | D95: 349 | E95: 291 | F95: 100 | G95: 346 | H95: 202 | J95: =+K95*L95 -> 2.136 | K95: 6 | L95: =+M95/1000 -> 0.356 | M95: =+C95 -> 356 | N95: https://gsas.es/producto/base-de-datos-de-empresas-de-la-localidad-de-benijofar-en-la-provincia-de-alicante/
A96: Alicante - Alicante | B96: Benimagrell | C96: 1713 | D96: 1699 | E96: 1374 | F96: 469 | G96: 1682 | H96: 1058 | J96: =+K96*L96 -> 10.278 | K96: 6 | L96: =+M96/1000 -> 1.713 | M96: =+C96 -> 1713 | N96: https://gsas.es/producto/base-de-datos-de-empresas-de-la-localidad-de-benimagrell-en-la-provincia-de-alicante-alacant/
A97: Alicante - Alicante | B97: Benimarco | C97: 381 | D97: 377 | E97: 311 | F97: 108 | G97: 370 | H97: 235 | J97: =+K97*L97 -> 2.286 | K97: 6 | L97: =+M97/1000 -> 0.381 | M97: =+C97 -> 381 | N97: https://gsas.es/producto/base-de-datos-de-empresas-de-la-localidad-de-benimarco-en-la-provincia-de-alicante/
A98: Alicante - Alicante | B98: Biar | C98: 347 | D98: 332 | E98: 265 | F98: 78 | G98: 343 | H98: 181 | J98: =+K98*L98 -> 2.082 | K98: 6 | L98: =+M98/1000 -> 0.347 | M98: =+C98 -> 347 | N98: https://gsas.es/producto/base-de-datos-de-empresas-de-la-localidad-de-biar-en-la-provincia-de-alicante/
A99: Alicante - Alicante | B99: Bigastro | C99: 446 | D99: 435 | E99: 358 | F99: 93 | G99: 429 | H99: 230 | J99: =+K99*L99 -> 2.676 | K99: 6 | L99: =+M99/1000 -> 0.446 | M99: =+C99 -> 446 | N99: https://gsas.es/producto/base-de-datos-de-empresas-de-la-localidad-de-bigastro-en-la-provincia-de-alicante/
A100: Alicante - Alicante | B100: Bolerias | C100: 509 | D100: 499 | E100: 412 | F100: 128 | G100: 496 | H100: 297 | J100: =+K100*L100 -> 3.054 | K100: 6 | L100: =+M100/1000 -> 0.509 | M100: =+C100 -> 509 | N100: https://gsas.es/producto/base-de-datos-de-empresas-de-la-localidad-de-bolerias-en-la-provincia-de-alicante/
A101: Alicante - Alicante | B101: Boqueres | C101: 4108 | D101: 4063 | E101: 3430 | F101: 1149 | G101: 4012 | H101: 2671 | J101: =+K101*L101 -> 24.648 | K101: 6 | L101: =+M101/1000 -> 4.108 | M101: =+C101 -> 4108 | N101: https://gsas.es/producto/base-de-datos-de-empresas-de-la-localidad-de-boqueres-en-la-provincia-de-alicante-alacant/
A102: Alicante - Alicante | B102: Bras Del Port | C102: 2462 | D102: 2436 | E102: 2010 | F102: 584 | G102: 2412 | H102: 1481 | J102: 2.856 | K102: 6 | L102: 0.476 | M102: 476 | N102: https://gsas.es/producto/base-de-datos-de-empresas-de-la-localidad-de-bras-del-port-en-la-provincia-de-alicante/
A103: Alicante - Alicante | B103: Cabo De Las Huertas | C103: 1687 | D103: 1675 | E103: 1475 | F103: 562 | G103: 1653 | H103: 1154 | J103: 2.598 | K103: 6 | L103: 0.433 | M103: 433 | N103: https://gsas.es/producto/base-de-datos-de-empresas-de-la-localidad-de-cabo-de-las-huertas-en-la-provincia-de-alicante/
A104: Alicante - Alicante | B104: Campet | C104: 1779 | D104: 1749 | E104: 1490 | F104: 408 | G104: 1738 | H104: 1036 | J104: =+K104*L104 -> 10.674 | K104: 6 | L104: =+M104/1000 -> 1.779 | M104: =+C104 -> 1779 | N104: https://gsas.es/producto/base-de-datos-de-empresas-de-la-localidad-de-campet-en-la-provincia-de-alicante/
A105: Alicante - Alicante | B105: Ciudad Quesada | C105: 1092 | D105: 1078 | E105: 869 | F105: 294 | G105: 1070 | H105: 657 | J105: 3.468 | K105: 6 | L105: 0.578 | M105: 578 | N105: https://gsas.es/producto/base-de-datos-de-empresas-de-la-localidad-de-ciudad-quesada-en-la-provincia-de-alicante/
A106: Alicante - Alicante | B106: Crevillent | C106: 1597 | D106: 1535 | E106: 1333 | F106: 346 | G106: 1560 | H106: 845 | J106: =+K106*L106 -> 9.582 | K106: 6 | L106: =+M106/1000 -> 1.597 | M106: =+C106 -> 1597 | N106: https://gsas.es/producto/base-de-datos-de-empresas-de-la-localidad-de-crevillent-en-la-provincia-de-alicante-alacant/
A107: Alicante - Alicante | B107: Daya Vieja | C107: 678 | D107: 662 | E107: 514 | F107: 172 | G107: 657 | H107: 381 | J107: 4.32 | K107: 6 | L107: 0.72 | M107: 720 | N107: https://gsas.es/producto/base-de-datos-de-empresas-de-la-localidad-de-daya-vieja-en-la-provincia-de-alicante/
A108: Alicante - Alicante | B108: Dolores | C108: 476 | D108: 463 | E108: 378 | F108: 119 | G108: 468 | H108: 252 | J108: =+K108*L108 -> 2.856 | K108: 6 | L108: =+M108/1000 -> 0.476 | M108: =+C108 -> 476 | N108: https://gsas.es/producto/base-de-datos-de-empresas-de-la-localidad-de-dolores-en-la-provincia-de-alicante/
A109: Alicante - Alicante | B109: El Altet | C109: 724 | D109: 711 | E109: 575 | F109: 182 | G109: 708 | H109: 427 | J109: =+K109*L109 -> 4.344 | K109: 6 | L109: =+M109/1000 -> 0.724 | M109: =+C109 -> 724 | N109: https://gsas.es/producto/base-de-datos-de-empresas-de-la-localidad-de-el-altet-en-la-provincia-de-alicante/
A110: Alicante - Alicante | B110: El Verger | C110: 433 | D110: 421 | E110: 350 | F110: 110 | G110: 423 | H110: 242 | J110: 15.006 | K110: 6 | L110: 2.501 | M110: 2501 | N110: https://gsas.es/producto/base-de-datos-de-empresas-de-la-localidad-de-el-verger-en-la-provincia-de-alicante/
A111: Alicante - Alicante | B111: Elche - Elx | C111: 9658 | D111: 9520 | E111: 8221 | F111: 2555 | G111: 9513 | H111: 5709 | J111: =+K111*L111 -> 48.29 | K111: 5 | L111: =+M111/1000 -> 9.658 | M111: =+C111 -> 9658 | N111: https://gsas.es/producto/base-de-datos-de-empresas-de-la-localidad-de-elche-elx-en-la-provincia-de-alicante-alacant/
A112: Alicante - Alicante | B112: Elda | C112: 3227 | D112: 3115 | E112: 2700 | F112: 843 | G112: 3150 | H112: 1869 | J112: =+K112*L112 -> 19.362 | K112: 6 | L112: =+M112/1000 -> 3.227 | M112: =+C112 -> 3227 | N112: https://gsas.es/producto/base-de-datos-de-empresas-de-la-localidad-de-elda-en-la-provincia-de-alicante-alacant/
A113: Alicante - Alicante | B113: Figueretes | C113: 760 | D113: 751 | E113: 657 | F113: 269 | G113: 748 | H113: 549 | J113: =+K113*L113 -> 4.56 | K113: 6 | L113: =+M113/1000 -> 0.76 | M113: =+C113 -> 760 | N113: https://gsas.es/producto/base-de-datos-de-empresas-de-la-localidad-de-figueretes-en-la-provincia-de-alicante/
A114: Alicante - Alicante | B114: Formentera Del Segura | C114: 302 | D114: 298 | E114: 227 | F114: 56 | G114: 293 | H114: 144 | J114: 3.912 | K114: 6 | L114: 0.652 | M114: 652 | N114: https://gsas.es/producto/base-de-datos-de-empresas-de-la-localidad-de-formentera-del-segura-en-la-provincia-de-alicante/
A115: Alicante - Alicante | B115: Ibi | C115: 1886 | D115: 1801 | E115: 1621 | F115: 575 | G115: 1861 | H115: 1184 | J115: =+K115*L115 -> 11.316 | K115: 6 | L115: =+M115/1000 -> 1.886 | M115: =+C115 -> 1886 | N115: https://gsas.es/producto/base-de-datos-de-empresas-de-la-localidad-de-ibi-en-la-provincia-de-alicante-alacant/
A116: Alicante - Alicante | B116: L Albir | C116: 899 | D116: 888 | E116: 753 | F116: 230 | G116: 880 | H116: 555 | J116: =+K116*L116 -> 5.394 | K116: 6 | L116: =+M116/1000 -> 0.899 | M116: =+C116 -> 899 | N116: https://gsas.es/producto/base-de-datos-de-empresas-de-la-localidad-de-l-albir-en-la-provincia-de-alicante/
A117: Alicante - Alicante | B117: L Alfas Del Pi | C117: =+C116+revisado!C518 -> 1346 | D117: =+D116+revisado!D518 -> 1324 | E117: =+E116+revisado!E518 -> 1075 | F117: =+F116+revisado!F518 -> 316 | G117: =+G116+revisado!G518 -> 1311 | H117: =+H116+revisado!H518 -> 769 | J117: =+K117*L117 -> 8.076 | K117: 6 | L117: =+M117/1000 -> 1.346 | M117: =+C117 -> 1346 | N117: https://gsas.es/producto/base-de-datos-de-empresas-de-la-localidad-de-l-alfas-del-pi-en-la-provincia-de-alicante/
A118: Alicante - Alicante | B118: La Almazara Caserio | C118: 653 | D118: 635 | E118: 474 | F118: 157 | G118: 642 | H118: 362 | J118: =+K118*L118 -> 3.918 | K118: 6 | L118: =+M118/1000 -> 0.653 | M118: =+C118 -> 653 | N118: https://gsas.es/producto/base-de-datos-de-empresas-de-la-localidad-de-la-almazara-caserio-en-la-provincia-de-alicante/
A119: Alicante - Alicante | B119: Las Casicas | C119: 656 | D119: 643 | E119: 538 | F119: 163 | G119: 639 | H119: 368 | J119: =+K119*L119 -> 3.936 | K119: 6 | L119: =+M119/1000 -> 0.656 | M119: =+C119 -> 656 | N119: https://gsas.es/producto/base-de-datos-de-empresas-de-la-localidad-de-las-casicas-casicas-en-la-provincia-de-alicante/
A120: Alicante - Alicante | B120: Lo Blanque | C120: 509 | D120: 494 | E120: 407 | F120: 125 | G120: 495 | H120: 300 | J120: =+K120*L120 -> 3.054 | K120: 6 | L120: =+M120/1000 -> 0.509 | M120: =+C120 -> 509 | N120: https://gsas.es/producto/base-de-datos-de-empresas-de-la-localidad-de-lo-blanque-en-la-provincia-de-alicante/
A121: Alicante - Alicante | B121: Los Benitos | C121: 482 | D121: 467 | E121: 363 | F121: 88 | G121: 465 | H121: 225 | J121: =+K121*L121 -> 2.892 | K121: 6 | L121: =+M121/1000 -> 0.482 | M121: =+C121 -> 482 | N121: https://gsas.es/producto/base-de-datos-de-empresas-de-la-localidad-de-los-benitos-en-la-provincia-de-alicante/
A122: Alicante - Alicante | B122: Los Chapaprietas | C122: 1381 | D122: 1362 | E122: 1086 | F122: 324 | G122: 1350 | H122: 768 | J122: =+K122*L122 -> 8.286 | K122: 6 | L122: =+M122/1000 -> 1.381 | M122: =+C122 -> 1381 | N122: https://gsas.es/producto/base-de-datos-de-empresas-de-la-localidad-de-partida-los-chapaprietas-en-la-provincia-de-alicante/
A123: Alicante - Alicante | B123: Los Collereros | C123: 578 | D123: 566 | E123: 432 | F123: 132 | G123: 563 | H123: 304 | J123: =+K123*L123 -> 3.468 | K123: 6 | L123: =+M123/1000 -> 0.578 | M123: =+C123 -> 578 | N123: https://gsas.es/producto/base-de-datos-de-empresas-de-la-localidad-de-los-collereros-en-la-provincia-de-alicante/
A124: Alicante - Alicante | B124: Los Huertos | C124: 2651 | D124: 2582 | E124: 2248 | F124: 667 | G124: 2594 | H124: 1485 | J124: =+K124*L124 -> 15.906 | K124: 6 | L124: =+M124/1000 -> 2.651 | M124: =+C124 -> 2651 | N124: https://gsas.es/producto/base-de-datos-de-empresas-de-la-localidad-de-los-huertos-en-la-provincia-de-alicante-alacant/
A125: Alicante - Alicante | B125: Monforte Del Cid | C125: 533 | D125: 525 | E125: 403 | F125: 124 | G125: 524 | H125: 322 | J125: =+K125*L125 -> 3.198 | K125: 6 | L125: =+M125/1000 -> 0.533 | M125: =+C125 -> 533 | N125: https://gsas.es/producto/base-de-datos-de-empresas-de-la-localidad-de-monforte-del-cid-en-la-provincia-de-alicante/
A126: Alicante - Alicante | B126: Montepego | C126: 720 | D126: 708 | E126: 597 | F126: 169 | G126: 711 | H126: 415 | J126: =+K126*L126 -> 4.32 | K126: 6 | L126: =+M126/1000 -> 0.72 | M126: =+C126 -> 720 | N126: https://gsas.es/producto/base-de-datos-de-empresas-de-la-localidad-de-montepego-en-la-provincia-de-alicante/
A127: Alicante - Alicante | B127: Muro De Alcoy | C127: 687 | D127: 682 | E127: 555 | F127: 181 | G127: 681 | H127: 369 | J127: =+K127*L127 -> 4.122 | K127: 6 | L127: =+M127/1000 -> 0.687 | M127: =+C127 -> 687 | N127: https://gsas.es/producto/base-de-datos-de-empresas-de-la-localidad-de-muro-de-alcoy-en-la-provincia-de-alicante/
A128: Alicante - Alicante | B128: Ondara | C128: 922 | D128: 903 | E128: 768 | F128: 253 | G128: 909 | H128: 565 | J128: =+K128*L128 -> 5.532 | K128: 6 | L128: =+M128/1000 -> 0.922 | M128: =+C128 -> 922 | N128: https://gsas.es/producto/base-de-datos-de-empresas-de-la-localidad-de-ondara-en-la-provincia-de-alicante/
A129: Alicante - Alicante | B129: Onil | C129: 589 | D129: 577 | E129: 462 | F129: 162 | G129: 581 | H129: 326 | J129: =+K129*L129 -> 3.534 | K129: 6 | L129: =+M129/1000 -> 0.589 | M129: =+C129 -> 589 | N129: https://gsas.es/producto/base-de-datos-de-empresas-de-la-localidad-de-onil-en-la-provincia-de-alicante/
... A158: Barcelona | B158: Abrera | C158: 743 | D158: 720 | E158: 602 | F158: 193 | G158: 726 | H158: 442 | J158: =+K158*L158 -> 4.458 | K158: 6 | L158: =+M158/1000 -> 0.743 | M158: =+C158 -> 743 | N158: https://gsas.es/producto/base-de-datos-de-empresas-de-la-localidad-de-abrera-en-la-provincia-de-barcelona/
A159: Barcelona | B159: Alella | C159: 514 | D159: 504 | E159: 392 | F159: 154 | G159: 507 | H159: 342 | J159: 3.084 | K159: 6 | L159: 0.514 | M159: 514 | N159: https://gsas.es/producto/base-de-datos-de-empresas-de-la-localidad-de-alella-en-la-provincia-de-barcelona/
A160: Barcelona | B160: Arenys De Mar | C160: 1038 | D160: 1014 | E160: 885 | F160: 281 | G160: 1023 | H160: 601 | J160: =+K160*L160 -> 6.228 | K160: 6 | L160: =+M160/1000 -> 1.038 | M160: =+C160 -> 1038 | N160: https://gsas.es/producto/base-de-datos-de-empresas-de-la-localidad-de-arenys-de-mar-en-la-provincia-de-barcelona/
A161: Barcelona | B161: Arenys De Munt | C161: 564 | D161: 542 | E161: 458 | F161: 161 | G161: 549 | H161: 340 | J161: 3.384 | K161: 6 | L161: 0.564 | M161: 564 | N161: https://gsas.es/producto/base-de-datos-de-empresas-de-la-localidad-de-arenys-de-munt-en-la-provincia-de-barcelona/
A162: Barcelona | B162: Argentona | C162: 710 | D162: 689 | E162: 554 | F162: 163 | G162: 684 | H162: 406 | J162: 4.26 | K162: 6 | L162: 0.71 | M162: 710 | N162: https://gsas.es/producto/base-de-datos-de-empresas-de-la-localidad-de-argentona-en-la-provincia-de-barcelona/
A163: Barcelona | B163: Badalona | C163: 6718 | D163: 6637 | E163: 5904 | F163: 1839 | G163: 6613 | H163: 4302 | J163: =+K163*L163 -> 40.308 | K163: 6 | L163: =+M163/1000 -> 6.718 | M163: =+C163 -> 6718 | N163: https://gsas.es/producto/base-de-datos-de-empresas-de-la-localidad-de-badalona-en-la-provincia-de-barcelona/
A164: Barcelona | B164: Barbera Del Valles | C164: 2167 | D164: 2135 | E164: 1839 | F164: 668 | G164: 2110 | H164: 1416 | J164: =+K164*L164 -> 13.002 | K164: 6 | L164: =+M164/1000 -> 2.167 | M164: =+C164 -> 2167 | N164: https://gsas.es/producto/base-de-datos-de-empresas-de-la-localidad-de-barbera-del-valles-en-la-provincia-de-barcelona/
A165: Barcelona | B165: Barcelona | C165: 79136 | D165: 78788 | E165: 69558 | F165: 25806 | G165: 78356 | H165: 56797 | J165: =+K165*L165 -> 158.272 | K165: 2 | L165: =+M165/1000 -> 79.136 | M165: =+C165 -> 79136 | N165: https://gsas.es/producto/base-de-datos-de-empresas-de-la-localidad-de-barcelona-en-la-provincia-de-barcelona/
A166: Barcelona | B166: Barriada Nova | C166: 690 | D166: 679 | E166: 569 | F166: 166 | G166: 665 | H166: 385 | J166: 4.14 | K166: 6 | L166: 0.69 | M166: 690 | N166: https://gsas.es/producto/base-de-datos-de-empresas-de-la-localidad-de-barriada-nova-en-la-provincia-de-barcelona/
A167: Barcelona | B167: Berga | C167: 1160 | D167: 1136 | E167: 947 | F167: 311 | G167: 1117 | H167: 657 | J167: =+K167*L167 -> 6.96 | K167: 6 | L167: =+M167/1000 -> 1.16 | M167: =+C167 -> 1160 | N167: https://gsas.es/producto/base-de-datos-de-empresas-de-la-localidad-de-berga-en-la-provincia-de-barcelona/
A168: Barcelona | B168: Cabrera De Mar | C168: 618 | D168: 599 | E168: 516 | F168: 185 | G168: 606 | H168: 433 | J168: 3.708 | K168: 6 | L168: 0.618 | M168: 618 | N168: https://gsas.es/producto/base-de-datos-de-empresas-de-la-localidad-de-cabrera-de-mar-en-la-provincia-de-barcelona/
A169: Barcelona | B169: Caldes De Montbui | C169: 1198 | D169: 1167 | E169: 981 | F169: 326 | G169: 1168 | H169: 750 | J169: =+K169*L169 -> 7.188 | K169: 6 | L169: =+M169/1000 -> 1.198 | M169: =+C169 -> 1198 | N169: https://gsas.es/producto/base-de-datos-de-empresas-de-la-localidad-de-caldes-de-montbui-en-la-provincia-de-barcelona/
A170: Barcelona | B170: Calella | C170: 1510 | D170: 1466 | E170: 1226 | F170: 362 | G170: 1494 | H170: 897 | J170: =+K170*L170 -> 9.06 | K170: 6 | L170: =+M170/1000 -> 1.51 | M170: =+C170 -> 1510 | N170: https://gsas.es/producto/base-de-datos-de-empresas-de-la-localidad-de-calella-en-la-provincia-de-barcelona/
A171: Barcelona | B171: Can Benet De La Prua | C171: 929 | D171: 913 | E171: 766 | F171: 245 | G171: 900 | H171: 543 | J171: 5.574 | K171: 6 | L171: 0.929 | M171: 929 | N171: https://gsas.es/producto/base-de-datos-de-empresas-de-la-localidad-de-can-benet-de-la-prua-en-la-provincia-de-barcelona/
A172: Barcelona | B172: Can Fosalba (Hostalets De Pierola) | C172: 1243 | D172: 1222 | E172: 1022 | F172: 336 | G172: 1211 | H172: 767 | J172: =+K172*L172 -> 7.458 | K172: 6 | L172: =+M172/1000 -> 1.243 | M172: =+C172 -> 1243 | N172: https://gsas.es/producto/base-de-datos-de-empresas-de-la-localidad-de-can-fosalba-hostalets-pierola-en-la-provincia-de-barcelona/
A173: Barcelona | B173: Can Roig (Cervello) | C173: 532 | D173: 516 | E173: 419 | F173: 128 | G173: 517 | H173: 310 | J173: 3.192 | K173: 6 | L173: 0.532 | M173: 532 | N173: https://gsas.es/producto/base-de-datos-de-empresas-de-la-localidad-de-can-roig-en-la-provincia-de-barcelona/
A174: Barcelona | B174: Canet De Mar | C174: 736 | D174: 715 | E174: 604 | F174: 193 | G174: 724 | H174: 418 | J174: 4.416 | K174: 6 | L174: 0.736 | M174: 736 | N174: https://gsas.es/producto/base-de-datos-de-empresas-de-la-localidad-de-canet-de-mar-en-la-provincia-de-barcelona/
A175: Barcelona | B175: Cardedeu | C175: 1201 | D175: 1169 | E175: 1027 | F175: 330 | G175: 1164 | H175: 789 | J175: =+K175*L175 -> 7.206 | K175: 6 | L175: =+M175/1000 -> 1.201 | M175: =+C175 -> 1201 | N175: https://gsas.es/producto/base-de-datos-de-empresas-de-la-localidad-de-cardedeu-en-la-provincia-de-barcelona/
A176: Barcelona | B176: Castellbisbal | C176: 723 | D176: 705 | E176: 595 | F176: 235 | G176: 700 | H176: 453 | J176: 4.338 | K176: 6 | L176: 0.723 | M176: 723 | N176: https://gsas.es/producto/base-de-datos-de-empresas-de-la-localidad-de-castellbisbal-en-la-provincia-de-barcelona/
A177: Barcelona | B177: Castellnou De Bages | C177: 509 | D177: 495 | E177: 395 | F177: 134 | G177: 498 | H177: 292 | J177: 3.054 | K177: 6 | L177: 0.509 | M177: 509 | N177: https://gsas.es/producto/base-de-datos-de-empresas-de-la-localidad-de-castellnou-de-bages-en-la-provincia-de-barcelona/
A178: Barcelona | B178: Centelles | C178: 500 | D178: 482 | E178: 399 | F178: 115 | G178: 485 | H178: 276 | J178: 3 | K178: 6 | L178: 0.5 | M178: 500 | N178: https://gsas.es/producto/base-de-datos-de-empresas-de-la-localidad-de-centelles-en-la-provincia-de-barcelona/
A179: Barcelona | B179: Cerdanyola Del Valles | C179: 2272 | D179: 2232 | E179: 1985 | F179: 588 | G179: 2241 | H179: 1415 | J179: =+K179*L179 -> 13.632 | K179: 6 | L179: =+M179/1000 -> 2.272 | M179: =+C179 -> 2272 | N179: https://gsas.es/producto/base-de-datos-de-empresas-de-la-localidad-de-cerdanyola-del-valles-en-la-provincia-de-barcelona/
A180: Barcelona | B180: Collsabadell | C180: 804 | D180: 792 | E180: 663 | F180: 217 | G180: 787 | H180: 495 | J180: 4.824 | K180: 6 | L180: 0.804 | M180: 804 | N180: https://gsas.es/producto/base-de-datos-de-empresas-de-la-localidad-de-collsabadell-en-la-provincia-de-barcelona/
...

Sheet revisado
A1: provincia | B1: localidad | C1: Nombre | D1: Direccion | E1: Telefono | F1: Mail | G1: Category | H1: Website | J1: precio | K1: cpm | L1: miles | M1: registros
A2: Cordoba | B2: Aguilar De La Frontera | C2: 576 | D2: 565 | E2: 460 | F2: 96 | G2: 559 | H2: 264 | J2: =+K2*L2 -> 3.456 | K2: 6 | L2: =+M2/1000 -> 0.576 | M2: =+C2 -> 576
A3: Cordoba | B3: Aladid | C3: 1144 | D3: 1127 | E3: 910 | F3: 216 | G3: 1115 | H3: 555 | J3: =+K3*L3 -> 6.864 | K3: 6 | L3: =+M3/1000 -> 1.144 | M3: =+C3 -> 1144
A4: Cordoba | B4: Algarbes | C4: 801 | D4: 786 | E4: 602 | F4: 171 | G4: 777 | H4: 525 | J4: =+K4*L4 -> 4.806 | K4: 6 | L4: =+M4/1000 -> 0.801 | M4: =+C4 -> 801
A5: Cordoba | B5: Almodovar Del Rio | C5: 365 | D5: 346 | E5: 260 | F5: 59 | G5: 349 | H5: 164 | J5: =+K5*L5 -> 2.19 | K5: 6 | L5: =+M5/1000 -> 0.365 | M5: =+C5 -> 365
A6: Cordoba | B6: Anjaron | C6: 3007 | D6: 2956 | E6: 2545 | F6: 799 | G6: 2922 | H6: 1787 | J6: =+K6*L6 -> 18.042 | K6: 6 | L6: =+M6/1000 -> 3.007 | M6: =+C6 -> 3007
A7: Cordoba | B7: Arriel | C7: 1173 | D7: 1149 | E7: 969 | F7: 258 | G7: 1148 | H7: 594 | J7: =+K7*L7 -> 7.038 | K7: 6 | L7: =+M7/1000 -> 1.173 | M7: =+C7 -> 1173
A8: Cordoba | B8: Bujalance | C8: 355 | D8: 338 | E8: 260 | F8: 37 | G8: 347 | H8: 131 | J8: =+K8*L8 -> 2.13 | K8: 6 | L8: =+M8/1000 -> 0.355 | M8: =+C8 -> 355
A9: Cordoba | B9: Caballera, De La Santa Maria De Trassierra | C9: 443 | D9: 433 | E9: 376 | F9: 106 | G9: 444 | H9: 285 | J9: =+K9*L9 -> 2.658 | K9: 6 | L9: =+M9/1000 -> 0.443 | M9: =+C9 -> 443
A10: Cordoba | B10: Campiña | C10: 606 | D10: 586 | E10: 468 | F10: 143 | G10: 592 | H10: 295 | J10: =+K10*L10 -> 3.636 | K10: 6 | L10: =+M10/1000 -> 0.606 | M10: =+C10 -> 606
A11: Cordoba | B11: Campiñuela Baja | C11: 2635 | D11: 2595 | E11: 2279 | F11: 775 | G11: 2563 | H11: 1643 | J11: =+K11*L11 -> 15.81 | K11: 6 | L11: =+M11/1000 -> 2.635 | M11: =+C11 -> 2635
A12: Cordoba | B12: Carchena | C12: 1666 | D12: 1638 | E12: 1384 | F12: 393 | G12: 1602 | H12: 915 | J12: =+K12*L12 -> 9.996 | K12: 6 | L12: =+M12/1000 -> 1.666 | M12: =+C12 -> 1666
A13: Cordoba | B13: Castro Del Rio | C13: 491 | D13: 480 | E13: 386 | F13: 102 | G13: 485 | H13: 215 | J13: =+K13*L13 -> 2.946 | K13: 6 | L13: =+M13/1000 -> 0.491 | M13: =+C13 -> 491
... A34: Cuenca | B34: Tarancon | C34: 895 | D34: 872 | E34: 766 | F34: 253 | G34: 880 | H34: 571 | J34: =+K34*L34 -> 5.37 | K34: 6 | L34: =+M34/1000 -> 0.895 | M34: =+C34 -> 895
A35: Gerona - Gerona | B35: Alp | C35: 391 | D35: 370 | E35: 245 | F35: 98 | G35: 364 | H35: 204 | J35: 7.422 | K35: 6 | L35: 1.237 | M35: 1237
A36: Gerona - Gerona | B36: Angles | C36: 324 | D36: 315 | E36: 258 | F36: 70 | G36: 316 | H36: 185 | J36: 7.932 | K36: 6 | L36: 1.322 | M36: 1322
A37: Gerona - Gerona | B37: Arbucies | C37: 536 | D37: 511 | E37: 407 | F37: 125 | G37: 513 | H37: 280 | J37: 2.754 | K37: 6 | L37: 0.459 | M37: 459
A38: Gerona - Gerona | B38: Batet (Ayto Ribes Freser) | C38: 455 | D38: 417 | E38: 296 | F38: 110 | G38: 438 | H38: 253 | J38: 2.136 | K38: 6 | L38: 0.356 | M38: 356
A39: Gerona - Gerona | B39: Beget | C39: 481 | D39: 473 | E39: 357 | F39: 104 | G39: 473 | H39: 271 | J39: =+K39*L39 -> 2.886 | K39: 6 | L39: =+M39/1000 -> 0.481 | M39: =+C39 -> 481
A40: Gerona - Gerona | B40: Beguda | C40: 317 | D40: 309 | E40: 241 | F40: 91 | G40: 310 | H40: 187 | J40: 2.286 | K40: 6 | L40: 0.381 | M40: 381
A41: Gerona - Gerona | B41: Besalu | C41: 466 | D41: 446 | E41: 320 | F41: 108 | G41: 452 | H41: 250 | J41: 10.122 | K41: 6 | L41: 1.687 | M41: 1687
A42: Gerona - Gerona | B42: Bescano | C42: 374 | D42: 358 | E42: 317 | F42: 93 | G42: 360 | H42: 223 | J42: 10.674 | K42: 6 | L42: 1.779 | M42: 1779
A43: Gerona - Gerona | B43: Borgonya | C43: 358 | D43: 348 | E43: 280 | F43: 97 | G43: 340 | H43: 248 | J43: 6.552 | K43: 6 | L43: 1.092 | M43: 1092
A44: Gerona - Gerona | B44: Boscdetosca | C44: 372 | D44: 356 | E44: 271 | F44: 105 | G44: 356 | H44: 213 | J44: 4.068 | K44: 6 | L44: 0.678 | M44: 678
A45: Gerona - Gerona | B45: Breda | C45: 316 | D45: 306 | E45: 249 | F45: 70 | G45: 305 | H45: 164 | J45: 4.344 | K45: 6 | L45: 0.724 | M45: 724
A46: Gerona - Gerona | B46: Cadaques | C46: 641 | D46: 628 | E46: 470 | F46: 153 | G46: 638 | H46: 361 | J46: =+K46*L46 -> 3.846 | K46: 6 | L46: =+M46/1000 -> 0.641 | M46: =+C46 -> 641
A47: Gerona - Gerona | B47: Caldes De Malavella | C47: 438 | D47: 425 | E47: 327 | F47: 106 | G47: 415 | H47: 251 | J47: 1.812 | K47: 6 | L47: 0.302 | M47: 302
A48: Gerona - Gerona | B48: Calonge | C48: 492 | D48: 482 | E48: 373 | F48: 145 | G48: 485 | H48: 313 | J48: =+K48*L48 -> 2.952 | K48: 6 | L48: =+M48/1000 -> 0.492 | M48: =+C48 -> 492
A49: Gerona - Gerona | B49: Canyelles (Ayto Tossa) | C49: 977 | D49: 962 | E49: 699 | F49: 214 | G49: 965 | H49: 540 | J49: =+K49*L49 -> 5.862 | K49: 6 | L49: =+M49/1000 -> 0.977 | M49: =+C49 -> 977
A50: Gerona - Gerona | B50: Canyet De Mar | C50: 463 | D50: 444 | E50: 351 | F50: 128 | G50: 460 | H50: 274 | J50: 5.394 | K50: 6 | L50: 0.899 | M50: 899
A51: Gerona - Gerona | B51: Cassa De La Selva | C51: 768 | D51: 749 | E51: 606 | F51: 196 | G51: 731 | H51: 440 | J51: 3.936 | K51: 6 | L51: 0.656 | M51: 656
A52: Gerona - Gerona | B52: Castello D Empuries | C52: 481 | D52: 466 | E52: 364 | F52: 136 | G52: 459 | H52: 291 | J52: =+K52*L52 -> 2.886 | K52: 6 | L52: =+M52/1000 -> 0.481 | M52: =+C52 -> 481
A53: Gerona - Gerona | B53: Celra | C53: 502 | D53: 495 | E53: 395 | F53: 165 | G53: 482 | H53: 345 | J53: =+K53*L53 -> 3.012 | K53: 6 | L53: =+M53/1000 -> 0.502 | M53: =+C53 -> 502
A54: Gerona - Gerona | B54: Colonia Rocafiguera | C54: 949 | D54: 935 | E54: 788 | F54: 220 | G54: 935 | H54: 524 | J54: =+K54*L54 -> 5.694 | K54: 6 | L54: =+M54/1000 -> 0.949 | M54: =+C54 -> 949
A55: Gerona - Gerona | B55: El Far D Emporda | C55: 519 | D55: 482 | E55: 379 | F55: 158 | G55: 492 | H55: 318 | J55: 5.532 | K55: 6 | L55: 0.922 | M55: 922
A56: Gerona - Gerona | B56: El Perello | C56: 370 | D56: 368 | E56: 309 | F56: 113 | G56: 360 | H56: 247 | J56: =+K56*L56 -> 2.22 | K56: 6 | L56: =+M56/1000 -> 0.37 | M56: =+C56 -> 370
A57: Gerona - Gerona | B57: El Port De La Selva | C57: 313 | D57: 298 | E57: 197 | F57: 83 | G57: 304 | H57: 180 | J57: =+K57*L57 -> 1.878 | K57: 6 | L57: =+M57/1000 -> 0.313 | M57: =+C57 -> 313
A58: Gerona - Gerona | B58: Els Masos | C58: 332 | D58: 326 | E58: 239 | F58: 96 | G58: 323 | H58: 207 | J58: =+K58*L58 -> 1.992 | K58: 6 | L58: =+M58/1000 -> 0.332 | M58: =+C58 -> 332
A59: Gerona - Gerona | B59: Empuriabrava | C59: 1103 | D59: 1073 | E59: 883 | F59: 305 | G59: 1089 | H59: 699 | J59: 6.48 | K59: 6 | L59: 1.08 | M59: 1080
A60: Gerona - Gerona | B60: Fogueres De Montsoriu | C60: 443 | D60: 430 | E60: 340 | F60: 106 | G60: 424 | H60: 248 | J60: =+K60*L60 -> 2.658 | K60: 6 | L60: =+M60/1000 -> 0.443 | M60: =+C60 -> 443
A61: Gerona - Gerona | B61: Fontanilles | C61: 981 | D61: 962 | E61: 769 | F61: 268 | G61: 957 | H61: 626 | J61: =+K61*L61 -> 5.886 | K61: 6 | L61: =+M61/1000 -> 0.981 | M61: =+C61 -> 981
A62: Gerona - Gerona | B62: Fontclara | C62: 540 | D62: 525 | E62: 379 | F62: 146 | G62: 529 | H62: 308 | J62: =+K62*L62 -> 3.24 | K62: 6 | L62: =+M62/1000 -> 0.54 | M62: =+C62 -> 540
A63: Gerona - Gerona | B63: Fornells De La Selva | C63: 396 | D63: 381 | E63: 331 | F63: 127 | G63: 383 | H63: 272 | J63: 8.796 | K63: 6 | L63: 1.466 | M63: 1466
A64: Gerona - Gerona | B64: Grifeu | C64: 538 | D64: 518 | E64: 405 | F64: 96 | G64: 532 | H64: 277 | J64: =+K64*L64 -> 3.228 | K64: 6 | L64: =+M64/1000 -> 0.538 | M64: =+C64 -> 538
A65: Gerona - Gerona | B65: Hostalric | C65: 351 | D65: 345 | E65: 287 | F65: 81 | G65: 337 | H65: 198 | J65: =+K65*L65 -> 2.106 | K65: 6 | L65: =+M65/1000 -> 0.351 | M65: =+C65 -> 351
A66: Gerona - Gerona | B66: L Estartit | C66: 428 | D66: 423 | E66: 333 | F66: 126 | G66: 428 | H66: 265 | J66: =+K66*L66 -> 2.568 | K66: 6 | L66: =+M66/1000 -> 0.428 | M66: =+C66 -> 428
A67: Gerona - Gerona | B67: La Bisbal D Emporda | C67: 997 | D67: 985 | E67: 849 | F67: 251 | G67: 980 | H67: 586 | J67: =+K67*L67 -> 5.982 | K67: 6 | L67: =+M67/1000 -> 0.997 | M67: =+C67 -> 997
A68: Gerona - Gerona | B68: La Canyera | C68: 686 | D68: 667 | E68: 559 | F68: 179 | G68: 677 | H68: 394 | J68: =+K68*L68 -> 4.116 | K68: 6 | L68: =+M68/1000 -> 0.686 | M68: =+C68 -> 686
A69: Gerona - Gerona | B69: La Colonia Jordana | C69: 391 | D69: 382 | E69: 283 | F69: 92 | G69: 377 | H69: 215 | J69: =+K69*L69 -> 2.346 | K69: 6 | L69: =+M69/1000 -> 0.391 | M69: =+C69 -> 391
A70: Gerona - Gerona | B70: La Jonquera | C70: 642 | D70: 618 | E70: 465 | F70: 143 | G70: 628 | H70: 336 | J70: =+K70*L70 -> 3.852 | K70: 6 | L70: =+M70/1000 -> 0.642 | M70: =+C70 -> 642
A71: Gerona - Gerona | B71: Les Mallorquines | C71: 426 | D71: 418 | E71: 331 | F71: 111 | G71: 417 | H71: 251 | J71: =+K71*L71 -> 2.556 | K71: 6 | L71: =+M71/1000 -> 0.426 | M71: =+C71 -> 426
A72: Gerona - Gerona | B72: Maçanet De La Selva | C72: 474 | D72: 459 | E72: 348 | F72: 105 | G72: 454 | H72: 275 | J72: =+K72*L72 -> 2.844 | K72: 6 | L72: =+M72/1000 -> 0.474 | M72: =+C72 -> 474
A73: Gerona - Gerona | B73: Mont - Ras | C73: 357 | D73: 345 | E73: 259 | F73: 102 | G73: 344 | H73: 202 | J73: =+K73*L73 -> 2.142 | K73: 6 | L73: =+M73/1000 -> 0.357 | M73: =+C73 -> 357
A74: Gerona - Gerona | B74: Platja D Aiguablava | C74: 733 | D74: 719 | E74: 467 | F74: 186 | G74: 722 | H74: 451 | J74: =+K74*L74 -> 4.398 | K74: 6 | L74: =+M74/1000 -> 0.733 | M74: =+C74 -> 733
A75: Gerona - Gerona | B75: Platja D Aro | C75: 1520 | D75: 1519 | E75: 1267 | F75: 442 | G75: 1500 | H75: 978 | J75: =+K75*L75 -> 9.12 | K75: 6 | L75: =+M75/1000 -> 1.52 | M75: =+C75 -> 1520
... A312: Malaga | B312: Villanueva Del Trabuco | C312: 304 | D312: 291 | E312: 240 | F312: 70 | G312: 301 | H312: 132 | J312: =+K312*L312 -> 1.824 | K312: 6 | L312: =+M312/1000 -> 0.304 | M312: =+C312 -> 304
A313: Murcia | B313: Beniajan | C313: 735 | D313: 714 | E313: 584 | F313: 158 | G313: 721 | H313: 365 | J313: 2.676 | K313: 6 | L313: 0.446 | M313: 446
A314: Murcia | B314: Beniel | C314: 581 | D314: 568 | E314: 442 | F314: 106 | G314: 561 | H314: 249 | J314: 3.054 | K314: 6 | L314: 0.509 | M314: 509
A315: Murcia | B315: Borrambla | C315: 333 | D315: 320 | E315: 229 | F315: 72 | G315: 325 | H315: 188 | J315: =+K315*L315 -> 1.998 | K315: 6 | L315: =+M315/1000 -> 0.333 | M315: =+C315 -> 333
A316: Murcia | B316: Bullas | C316: 695 | D316: 676 | E316: 580 | F316: 162 | G316: 677 | H316: 378 | J316: =+K316*L316 -> 4.17 | K316: 6 | L316: =+M316/1000 -> 0.695 | M316: =+C316 -> 695
A317: Murcia | B317: Cabo De Palos | C317: 413 | D317: 408 | E317: 292 | F317: 94 | G317: 403 | H317: 215 | J317: =+K317*L317 -> 2.478 | K317: 6 | L317: =+M317/1000 -> 0.413 | M317: =+C317 -> 413
A318: Murcia | B318: Cagitan | C318: 774 | D318: 761 | E318: 627 | F318: 143 | G318: 757 | H318: 377 | J318: 4.56 | K318: 6 | L318: 0.76 | M318: 760
A319: Murcia | B319: Cehegin | C319: 895 | D319: 875 | E319: 717 | F319: 210 | G319: 867 | H319: 480 | J319: =+K319*L319 -> 5.37 | K319: 6 | L319: =+M319/1000 -> 0.895 | M319: =+C319 -> 895
A320: Murcia | B320: Ceuti | C320: 658 | D320: 641 | E320: 505 | F320: 142 | G320: 647 | H320: 356 | J320: 2.892 | K320: 6 | L320: 0.482 | M320: 482
A321: Murcia | B321: El Algar | C321: 323 | D321: 316 | E321: 250 | F321: 58 | G321: 309 | H321: 155 | J321: 4.122 | K321: 6 | L321: 0.687 | M321: 687
A322: Murcia | B322: El Hondon (Media Legua) | C322: 332 | D322: 320 | E322: 256 | F322: 103 | G322: 324 | H322: 208 | J322: 3.534 | K322: 6 | L322: 0.589 | M322: 589
A323: Murcia | B323: Fortuna | C323: 513 | D323: 490 | E323: 428 | F323: 110 | G323: 504 | H323: 273 | J323: =+K323*L323 -> 3.078 | K323: 6 | L323: =+M323/1000 -> 0.513 | M323: =+C323 -> 513
A324: Murcia | B324: Fuente Alamo | C324: 767 | D324: 742 | E324: 614 | F324: 171 | G324: 754 | H324: 441 | J324: =+K324*L324 -> 4.602 | K324: 6 | L324: =+M324/1000 -> 0.767 | M324: =+C324 -> 767
A325: Murcia | B325: Guadalupe | C325: 312 | D325: 311 | E325: 255 | F325: 100 | G325: 305 | H325: 183 | J325: 2.142 | K325: 6 | L325: 0.357 | M325: 357
A326: Murcia | B326: La Barceloneta | C326: 359 | D326: 345 | E326: 260 | F326: 87 | G326: 346 | H326: 183 | J326: 2.796 | K326: 6 | L326: 0.466 | M326: 466
A327: Murcia | B327: La Calavera (Santiago De La Rivera) | C327: 391 | D327: 384 | E327: 291 | F327: 75 | G327: 388 | H327: 220 | J327: 2.148 | K327: 6 | L327: 0.358 | M327: 358
A328: Murcia | B328: La Florida (Las Torres De Cotillas) | C328: 895 | D328: 878 | E328: 756 | F328: 210 | G328: 878 | H328: 501 | J328: 1.896 | K328: 6 | L328: 0.316 | M328: 316
A329: Murcia | B329: La Manga Del Mar Menor | C329: 742 | D329: 724 | E329: 611 | F329: 175 | G329: 737 | H329: 434 | J329: 2.478 | K329: 6 | L329: 0.413 | M329: 413
A330: Murcia | B330: Las Casicas (Dolores Pacheco) | C330: 370 | D330: 351 | E330: 251 | F330: 87 | G330: 355 | H330: 186 | J330: =+K330*L330 -> 2.22 | K330: 6 | L330: =+M330/1000 -> 0.37 | M330: =+C330 -> 370
A331: Murcia | B331: Las Casicas (Puerto Lumbreras) | C331: 633 | D331: 618 | E331: 511 | F331: 137 | G331: 614 | H331: 325 | J331: =+K331*L331 -> 3.798 | K331: 6 | L331: =+M331/1000 -> 0.633 | M331: =+C331 -> 633
A332: Murcia | B332: Librilla | C332: 371 | D332: 354 | E332: 275 | F332: 101 | G332: 356 | H332: 199 | J332: =+K332*L332 -> 2.226 | K332: 6 | L332: =+M332/1000 -> 0.371 | M332: =+C332 -> 371
A333: Murcia | B333: Lo Ferro | C333: 446 | D333: 434 | E333: 322 | F333: 92 | G333: 441 | H333: 271 | J333: =+K333*L333 -> 2.676 | K333: 6 | L333: =+M333/1000 -> 0.446 | M333: =+C333 -> 446
A334: Murcia | B334: Lorqui | C334: 954 | D334: 926 | E334: 781 | F334: 304 | G334: 922 | H334: 595 | J334: =+K334*L334 -> 5.724 | K334: 6 | L334: =+M334/1000 -> 0.954 | M334: =+C334 -> 954
A335: Murcia | B335: Los Pepitos | C335: 340 | D335: 332 | E335: 280 | F335: 102 | G335: 335 | H335: 210 | J335: =+K335*L335 -> 2.04 | K335: 6 | L335: =+M335/1000 -> 0.34 | M335: =+C335 -> 340
A336: Murcia | B336: Mazarron | C336: 876 | D336: 845 | E336: 685 | F336: 157 | G336: 852 | H336: 465 | J336: =+K336*L336 -> 5.256 | K336: 6 | L336: =+M336/1000 -> 0.876 | M336: =+C336 -> 876
A337: Murcia | B337: Moratalla | C337: 532 | D337: 509 | E337: 400 | F337: 108 | G337: 517 | H337: 280 | J337: =+K337*L337 -> 3.192 | K337: 6 | L337: =+M337/1000 -> 0.532 | M337: =+C337 -> 532
A338: Murcia | B338: Pol. Ind. Cabezo Beaza | C338: 539 | D338: 534 | E338: 501 | F338: 253 | G338: 534 | H338: 462 | J338: =+K338*L338 -> 3.234 | K338: 6 | L338: =+M338/1000 -> 0.539 | M338: =+C338 -> 539
A339: Murcia | B339: Puerto De Mazarron | C339: 917 | D339: 904 | E339: 715 | F339: 209 | G339: 905 | H339: 465 | J339: =+K339*L339 -> 5.502 | K339: 6 | L339: =+M339/1000 -> 0.917 | M339: =+C339 -> 917
A340: Murcia | B340: San Gines | C340: 737 | D340: 731 | E340: 665 | F340: 282 | G340: 727 | H340: 536 | J340: =+K340*L340 -> 4.422 | K340: 6 | L340: =+M340/1000 -> 0.737 | M340: =+C340 -> 737
A341: Murcia | B341: Sangonera La Verde | C341: 534 | D341: 514 | E341: 418 | F341: 99 | G341: 524 | H341: 264 | J341: =+K341*L341 -> 3.204 | K341: 6 | L341: =+M341/1000 -> 0.534 | M341: =+C341 -> 534
... A466: valencia | B466: Betera | C466: 1348 | D466: 1283 | E466: 1097 | F466: 1321 | G466: 352 | H466: 802 | J466: =+K466*L466 -> 8.088 | K466: 6 | L466: =+M466/1000 -> 1.348 | M466: =+C466 -> 1348
A467: valencia | B467: Bonrepos I Mirambell | C467: =+C468+C469 -> 2720 | D467: =+D468+D469 -> 2637 | E467: =+E468+E469 -> 2225 | F467: =+F468+F469 -> 2659 | G467: =+G468+G469 -> 650 | H467: =+H468+H469 -> 1550 | J467: =+K467*L467 -> 16.32 | K467: 6 | L467: =+M467/1000 -> 2.72 | M467: =+C467 -> 2720
A468: valencia | B468: Buñol | C468: 702 | D468: 665 | E468: 537 | F468: 683 | G468: 141 | H468: 339 | J468: =+K468*L468 -> 4.212 | K468: 6 | L468: =+M468/1000 -> 0.702 | M468: =+C468 -> 702
A469: valencia | B469: Burjassot | C469: 2018 | D469: 1972 | E469: 1688 | F469: 1976 | G469: 509 | H469: 1211 | J469: =+K469*L469 -> 12.108 | K469: 6 | L469: =+M469/1000 -> 2.018 | M469: =+C469 -> 2018
A470: valencia | B470: Campo Olivar | C470: 620 | D470: 610 | E470: 496 | F470: 614 | G470: 175 | H470: 371 | J470: =+K470*L470 -> 3.72 | K470: 6 | L470: =+M470/1000 -> 0.62 | M470: =+C470 -> 620
A471: valencia | B471: Camporrobles | C471: 102 | D471: 87 | E471: 63 | F471: 96 | G471: 14 | H471: 45 | J471: =+K471*L471 -> 0.612 | K471: 6 | L471: =+M471/1000 -> 0.102 | M471: =+C471 -> 102
A472: valencia | B472: Canals | C472: 723 | D472: 694 | E472: 585 | F472: 702 | G472: 145 | H472: 322 | J472: =+K472*L472 -> 4.338 | K472: 6 | L472: =+M472/1000 -> 0.723 | M472: =+C472 -> 723
A473: valencia | B473: Carcaixent | C473: 1145 | D473: 1099 | E473: 953 | F473: 1123 | G473: 238 | H473: 638 | J473: =+K473*L473 -> 6.87 | K473: 6 | L473: =+M473/1000 -> 1.145 | M473: =+C473 -> 1145
A474: valencia | B474: Cheste | C474: 607 | D474: 566 | E474: 490 | F474: 589 | G474: 142 | H474: 340 | J474: =+K474*L474 -> 3.642 | K474: 6 | L474: =+M474/1000 -> 0.607 | M474: =+C474 -> 607
A475: valencia | B475: Chiva | C475: 942 | D475: 882 | E475: 741 | F475: 915 | G475: 217 | H475: 520 | J475: =+K475*L475 -> 5.652 | K475: 6 | L475: =+M475/1000 -> 0.942 | M475: =+C475 -> 942
A476: valencia | B476: Cruz De Gracia | C476: 3492 | D476: 3402 | E476: 2995 | F476: 3419 | G476: 1051 | H476: 2395 | J476: =+K476*L476 -> 20.952 | K476: 6 | L476: =+M476/1000 -> 3.492 | M476: =+C476 -> 3492
A477: valencia | B477: Cullera | C477: 1632 | D477: 1556 | E477: 1238 | F477: 1598 | G477: 332 | H477: 832 | J477: =+K477*L477 -> 9.792 | K477: 6 | L477: =+M477/1000 -> 1.632 | M477: =+C477 -> 1632
A478: valencia | B478: L Alcudia | C478: 835 | D478: 810 | E478: 677 | F478: 818 | G478: 194 | H478: 474 | J478: =+K478*L478 -> 5.01 | K478: 6 | L478: =+M478/1000 -> 0.835 | M478: =+C478 -> 835
A479: valencia | B479: L Alter | C479: 1147 | D479: 1115 | E479: 934 | F479: 1122 | G479: 270 | H479: 639 | J479: =+K479*L479 -> 6.882 | K479: 6 | L479: =+M479/1000 -> 1.147 | M479: =+C479 -> 1147
... A549: Zaragoza | B549: Zuera | C549: 452 | D549: 436 | E549: 339 | F549: 104 | G549: 445 | H549: 256 | J549: =+K549*L549 -> 2.712 | K549: 6 | L549: =+M549/1000 -> 0.452 | M549: =+C549 -> 452

Sheet lucia 3
A1: provincia | B1: localidad | C1: Nombre | D1: Direccion | E1: Telefono | F1: Mail | G1: Category | H1: Website | J1: precio | K1: cpm | L1: miles | M1: registros
A2: Alicante - Alicante | B2: Castalla | C2: 863 | D2: 841 | E2: 701 | F2: 248 | G2: 843 | H2: 521 | J2: 3.054 | K2: 6 | L2: 0.509 | M2: 509
A3: Almeria | B3: Aguadulce | C3: 1866 | D3: 1815 | E3: 1523 | F3: 393 | G3: 1800 | H3: 991 | J3: =+K3*L3 -> 11.196 | K3: 6 | L3: =+M3/1000 -> 1.866 | M3: =+C3 -> 1866
A4: Almeria | B4: Albox | C4: 881 | D4: 859 | E4: 725 | F4: 216 | G4: 868 | H4: 477 | J4: =+K4*L4 -> 5.286 | K4: 6 | L4: =+M4/1000 -> 0.881 | M4: =+C4 -> 881
A5: Almeria | B5: Almerimar | C5: 514 | D5: 506 | E5: 416 | F5: 91 | G5: 507 | H5: 306 | J5: =+K5*L5 -> 3.084 | K5: 6 | L5: =+M5/1000 -> 0.514 | M5: =+C5 -> 514
A6: Almeria | B6: Antas | C6: 354 | D6: 345 | E6: 277 | F6: 86 | G6: 341 | H6: 189 | J6: =+K6*L6 -> 2.124 | K6: 6 | L6: =+M6/1000 -> 0.354 | M6: =+C6 -> 354
A7: Almeria | B7: Barrio De Archilla | C7: 1145 | D7: 1104 | E7: 909 | F7: 241 | G7: 1100 | H7: 560 | J7: =+K7*L7 -> 6.87 | K7: 6 | L7: =+M7/1000 -> 1.145 | M7: =+C7 -> 1145
A8: Almeria | B8: Berja | C8: 533 | D8: 518 | E8: 420 | F8: 111 | G8: 522 | H8: 260 | J8: =+K8*L8 -> 3.198 | K8: 6 | L8: =+M8/1000 -> 0.533 | M8: =+C8 -> 533
A9: Almeria | B9: Campamento | C9: 806 | D9: 794 | E9: 647 | F9: 220 | G9: 764 | H9: 440 | J9: =+K9*L9 -> 4.836 | K9: 6 | L9: =+M9/1000 -> 0.806 | M9: =+C9 -> 806
A10: Almeria | B10: Campohermoso | C10: 305 | D10: 302 | E10: 264 | F10: 69 | G10: 294 | H10: 148 | J10: =+K10*L10 -> 1.83 | K10: 6 | L10: =+M10/1000 -> 0.305 | M10: =+C10 -> 305
A11: Almeria | B11: El Agua Del Medio | C11: 1157 | D11: 1131 | E11: 917 | F11: 252 | G11: 1134 | H11: 597 | J11: =+K11*L11 -> 6.942 | K11: 6 | L11: =+M11/1000 -> 1.157 | M11: =+C11 -> 1157
A12: Almeria | B12: El Alquian | C12: 308 | D12: 299 | E12: 233 | F12: 50 | G12: 300 | H12: 140 | J12: =+K12*L12 -> 1.848 | K12: 6 | L12: =+M12/1000 -> 0.308 | M12: =+C12 -> 308
A13: Almeria | B13: El Arroyo Franco Y Estella | C13: 418 | D13: 410 | E13: 309 | F13: 103 | G13: 410 | H13: 233 | J13: =+K13*L13 -> 2.508 | K13: 6 | L13: =+M13/1000 -> 0.418 | M13: =+C13 -> 418
A14: Almeria | B14: El Barranquete | C14: 497 | D14: 474 | E14: 332 | F14: 83 | G14: 476 | H14: 200 | J14: =+K14*L14 -> 2.982 | K14: 6 | L14: =+M14/1000 -> 0.497 | M14: =+C14 -> 497
... A84: Badajoz | B84: Villafranca De Los Barros | C84: 846 | D84: 823 | E84: 658 | F84: 162 | G84: 824 | H84: 394 | J84: =+K84*L84 -> 5.076 | K84: 6 | L84: =+M84/1000 -> 0.846 | M84: =+C84 -> 846
A85: Barcelona | B85: Cervello | C85: 421 | D85: 408 | E85: 325 | F85: 95 | G85: 412 | H85: 236 | J85: 2.526 | K85: 6 | L85: 0.421 | M85: 421
A86: Barcelona | B86: L Eixample | C86: 1065 | D86: 1040 | E86: 856 | F86: 280 | G86: 1042 | H86: 661 | J86: =+K86*L86 -> 6.39 | K86: 6 | L86: =+M86/1000 -> 1.065 | M86: =+C86 -> 1065
A87: Burgos | B87: Arcos De La Llana | C87: 411 | D87: 400 | E87: 294 | F87: 130 | G87: 387 | H87: 235 | J87: =+K87*L87 -> 2.466 | K87: 6 | L87: =+M87/1000 -> 0.411 | M87: =+C87 -> 411
A88: Burgos | B88: Azucarera Leopoldo | C88: 2149 | D88: 2103 | E88: 1737 | F88: 539 | G88: 2085 | H88: 1208 | J88: =+K88*L88 -> 12.894 | K88: 6 | L88: =+M88/1000 -> 2.149 | M88: =+C88 -> 2149
A89: Burgos | B89: Briviesca | C89: 521 | D89: 517 | E89: 403 | F89: 126 | G89: 505 | H89: 267 | J89: =+K89*L89 -> 3.126 | K89: 6 | L89: =+M89/1000 -> 0.521 | M89: =+C89 -> 521
A90: Burgos | B90: Lerma | C90: 342 | D90: 330 | E90: 254 | F90: 84 | G90: 341 | H90: 171 | J90: =+K90*L90 -> 2.052 | K90: 6 | L90: =+M90/1000 -> 0.342 | M90: =+C90 -> 342
A91: Burgos | B91: Medina De Pomar | C91: 679 | D91: 665 | E91: 537 | F91: 164 | G91: 662 | H91: 340 | J91: =+K91*L91 -> 4.074 | K91: 6 | L91: =+M91/1000 -> 0.679 | M91: =+C91 -> 679
A92: Burgos | B92: Villarcayo | C92: 402 | D92: 392 | E92: 318 | F92: 72 | G92: 387 | H92: 183 | J92: =+K92*L92 -> 2.412 | K92: 6 | L92: =+M92/1000 -> 0.402 | M92: =+C92 -> 402
A93: Caceres | B93: Arroyo De La Luz | C93: 328 | D93: 318 | E93: 219 | F93: 56 | G93: 316 | H93: 139 | J93: =+K93*L93 -> 1.968 | K93: 6 | L93: =+M93/1000 -> 0.328 | M93: =+C93 -> 328
A94: Caceres | B94: Atalaya | C94: 434 | D94: 422 | E94: 308 | F94: 95 | G94: 408 | H94: 222 | J94: =+K94*L94 -> 2.604 | K94: 6 | L94: =+M94/1000 -> 0.434 | M94: =+C94 -> 434
A95: Caceres | B95: Coria | C95: 886 | D95: 875 | E95: 705 | F95: 180 | G95: 861 | H95: 448 | J95: =+K95*L95 -> 5.316 | K95: 6 | L95: =+M95/1000 -> 0.886 | M95: =+C95 -> 886
A96: Caceres | B96: Hervas | C96: 465 | D96: 455 | E96: 361 | F96: 103 | G96: 456 | H96: 237 | J96: =+K96*L96 -> 2.79 | K96: 6 | L96: =+M96/1000 -> 0.465 | M96: =+C96 -> 465
A97: Caceres | B97: Jaraiz De La Vera | C97: 539 | D97: 522 | E97: 448 | F97: 115 | G97: 521 | H97: 272 | J97: =+K97*L97 -> 3.234 | K97: 6 | L97: =+M97/1000 -> 0.539 | M97: =+C97 -> 539
... A202: Ciudad Real | B202: Villarrubia De Los Ojos | C202: 511 | D202: 489 | E202: 381 | F202: 100 | G202: 493 | H202: 237 | J202: =+K202*L202 -> 3.066 | K202: 6 | L202: =+M202/1000 -> 0.511 | M202: =+C202 -> 511
